"","POVST","Q16G"
"1","(4) 76 percent or more","(3) Moderately adequate"
"2","(1) 25 percent or less","(3) Moderately adequate"
"3","(2) 26 to 50 percent","(4) Completely adequate"
"4","(3) 51 to 75 percent","(4) Completely adequate"
"5","(4) 76 percent or more","(1) Not at all adequate"
"6","(3) 51 to 75 percent","(3) Moderately adequate"
"7","(4) 76 percent or more","(4) Completely adequate"
"8","(4) 76 percent or more","(2) Minimally adequate"
"9","(2) 26 to 50 percent","(3) Moderately adequate"
"10","(2) 26 to 50 percent","(4) Completely adequate"
"11","(3) 51 to 75 percent","(3) Moderately adequate"
"12","(4) 76 percent or more","(2) Minimally adequate"
"13","(1) 25 percent or less","(3) Moderately adequate"
"14","(3) 51 to 75 percent","(1) Not at all adequate"
"15","(3) 51 to 75 percent","(4) Completely adequate"
"16","(3) 51 to 75 percent","(4) Completely adequate"
"17","(1) 25 percent or less","(2) Minimally adequate"
"18","(1) 25 percent or less","(3) Moderately adequate"
"19","(3) 51 to 75 percent","(3) Moderately adequate"
"20","(3) 51 to 75 percent","(3) Moderately adequate"
"21","(4) 76 percent or more","(3) Moderately adequate"
"22","(3) 51 to 75 percent","(3) Moderately adequate"
"23","(4) 76 percent or more","(3) Moderately adequate"
"24","(3) 51 to 75 percent","(4) Completely adequate"
"25","(2) 26 to 50 percent","(2) Minimally adequate"
"26","(3) 51 to 75 percent","(4) Completely adequate"
"27","(2) 26 to 50 percent","(4) Completely adequate"
"28","(2) 26 to 50 percent","(3) Moderately adequate"
"29","(1) 25 percent or less","(3) Moderately adequate"
"30","(4) 76 percent or more","(1) Not at all adequate"
"31","(2) 26 to 50 percent","(3) Moderately adequate"
"32","(3) 51 to 75 percent","(4) Completely adequate"
"33","(2) 26 to 50 percent","(4) Completely adequate"
"34","(1) 25 percent or less","(3) Moderately adequate"
"35","(1) 25 percent or less","(4) Completely adequate"
"36","(1) 25 percent or less","(4) Completely adequate"
"37","(4) 76 percent or more","(3) Moderately adequate"
"38","(1) 25 percent or less","(4) Completely adequate"
"39","(3) 51 to 75 percent","(2) Minimally adequate"
"40","(1) 25 percent or less","(3) Moderately adequate"
"41","(1) 25 percent or less","(4) Completely adequate"
"42","(4) 76 percent or more","(1) Not at all adequate"
"43","(2) 26 to 50 percent","(4) Completely adequate"
"44","(2) 26 to 50 percent","(3) Moderately adequate"
"45","(2) 26 to 50 percent","(4) Completely adequate"
"46","(3) 51 to 75 percent","(3) Moderately adequate"
"47","(4) 76 percent or more","(3) Moderately adequate"
"48","(4) 76 percent or more","(2) Minimally adequate"
"49","(3) 51 to 75 percent","(3) Moderately adequate"
"50","(3) 51 to 75 percent","(2) Minimally adequate"
"51","(1) 25 percent or less","(4) Completely adequate"
"52","(4) 76 percent or more","(2) Minimally adequate"
"53","(2) 26 to 50 percent","(4) Completely adequate"
"54","(2) 26 to 50 percent","(3) Moderately adequate"
"55","(1) 25 percent or less","(3) Moderately adequate"
"56","(1) 25 percent or less","(4) Completely adequate"
"57","(4) 76 percent or more","(3) Moderately adequate"
"58","(2) 26 to 50 percent","(3) Moderately adequate"
"59","(2) 26 to 50 percent","(4) Completely adequate"
"60","(4) 76 percent or more","(2) Minimally adequate"
"61","(2) 26 to 50 percent","(2) Minimally adequate"
"62","(3) 51 to 75 percent","(3) Moderately adequate"
"63","(3) 51 to 75 percent","(3) Moderately adequate"
"64","(4) 76 percent or more","(3) Moderately adequate"
"65","(2) 26 to 50 percent","(2) Minimally adequate"
"66","(2) 26 to 50 percent","(3) Moderately adequate"
"67","(1) 25 percent or less","(4) Completely adequate"
"68","(1) 25 percent or less","(1) Not at all adequate"
"69","(1) 25 percent or less","(4) Completely adequate"
"70","(3) 51 to 75 percent","(3) Moderately adequate"
"71","(3) 51 to 75 percent","(2) Minimally adequate"
"72","(2) 26 to 50 percent","(3) Moderately adequate"
"73","(4) 76 percent or more","(4) Completely adequate"
"74","(1) 25 percent or less","(3) Moderately adequate"
"75","(3) 51 to 75 percent","(4) Completely adequate"
"76","(2) 26 to 50 percent","(3) Moderately adequate"
"77","(1) 25 percent or less","(4) Completely adequate"
"78","(2) 26 to 50 percent","(1) Not at all adequate"
"79","(3) 51 to 75 percent","(4) Completely adequate"
"80","(1) 25 percent or less","(4) Completely adequate"
"81","(4) 76 percent or more","(4) Completely adequate"
"82","(2) 26 to 50 percent","(4) Completely adequate"
"83","(2) 26 to 50 percent","(3) Moderately adequate"
"84","(4) 76 percent or more","(1) Not at all adequate"
"85","(1) 25 percent or less","(3) Moderately adequate"
"86","(2) 26 to 50 percent","(3) Moderately adequate"
"87","(2) 26 to 50 percent","(4) Completely adequate"
"88","(3) 51 to 75 percent","(4) Completely adequate"
"89","(1) 25 percent or less","(3) Moderately adequate"
"90","(4) 76 percent or more","(3) Moderately adequate"
"91","(4) 76 percent or more","(3) Moderately adequate"
"92","(1) 25 percent or less","(2) Minimally adequate"
"93","(4) 76 percent or more","(3) Moderately adequate"
"94","(4) 76 percent or more","(3) Moderately adequate"
"95","(3) 51 to 75 percent","(3) Moderately adequate"
"96","(1) 25 percent or less","(3) Moderately adequate"
"97","(3) 51 to 75 percent","(4) Completely adequate"
"98","(2) 26 to 50 percent","(3) Moderately adequate"
"99","(2) 26 to 50 percent","(4) Completely adequate"
"100","(1) 25 percent or less","(4) Completely adequate"
"101","(2) 26 to 50 percent","(1) Not at all adequate"
"102","(3) 51 to 75 percent","(3) Moderately adequate"
"103","(3) 51 to 75 percent","(2) Minimally adequate"
"104","(3) 51 to 75 percent","(4) Completely adequate"
"105","(1) 25 percent or less","(4) Completely adequate"
"106","(1) 25 percent or less","(4) Completely adequate"
"107","(4) 76 percent or more","(4) Completely adequate"
"108","(1) 25 percent or less","(4) Completely adequate"
"109","(4) 76 percent or more","(3) Moderately adequate"
"110","(3) 51 to 75 percent","(2) Minimally adequate"
"111",NA,"(4) Completely adequate"
"112","(3) 51 to 75 percent","(3) Moderately adequate"
"113","(1) 25 percent or less","(4) Completely adequate"
"114","(2) 26 to 50 percent","(4) Completely adequate"
"115","(3) 51 to 75 percent","(4) Completely adequate"
"116","(2) 26 to 50 percent","(1) Not at all adequate"
"117","(3) 51 to 75 percent","(4) Completely adequate"
"118","(2) 26 to 50 percent","(4) Completely adequate"
"119","(2) 26 to 50 percent","(3) Moderately adequate"
"120","(4) 76 percent or more","(4) Completely adequate"
"121","(4) 76 percent or more","(3) Moderately adequate"
"122","(3) 51 to 75 percent","(4) Completely adequate"
"123","(2) 26 to 50 percent","(3) Moderately adequate"
"124","(1) 25 percent or less","(4) Completely adequate"
"125","(4) 76 percent or more","(3) Moderately adequate"
"126","(3) 51 to 75 percent","(1) Not at all adequate"
"127","(3) 51 to 75 percent","(2) Minimally adequate"
"128","(1) 25 percent or less","(4) Completely adequate"
"129",NA,"(4) Completely adequate"
"130","(1) 25 percent or less","(4) Completely adequate"
"131","(1) 25 percent or less","(3) Moderately adequate"
"132","(3) 51 to 75 percent","(3) Moderately adequate"
"133","(2) 26 to 50 percent","(3) Moderately adequate"
"134","(1) 25 percent or less","(2) Minimally adequate"
"135",NA,"(4) Completely adequate"
"136","(3) 51 to 75 percent","(2) Minimally adequate"
"137","(2) 26 to 50 percent","(4) Completely adequate"
"138","(1) 25 percent or less","(4) Completely adequate"
"139","(3) 51 to 75 percent","(1) Not at all adequate"
"140","(2) 26 to 50 percent","(3) Moderately adequate"
"141","(4) 76 percent or more","(4) Completely adequate"
"142","(2) 26 to 50 percent","(4) Completely adequate"
"143","(1) 25 percent or less","(4) Completely adequate"
"144","(2) 26 to 50 percent","(4) Completely adequate"
"145","(4) 76 percent or more","(2) Minimally adequate"
"146","(2) 26 to 50 percent","(3) Moderately adequate"
"147","(1) 25 percent or less","(4) Completely adequate"
"148","(1) 25 percent or less","(4) Completely adequate"
"149","(4) 76 percent or more","(4) Completely adequate"
"150","(1) 25 percent or less","(3) Moderately adequate"
"151","(3) 51 to 75 percent","(3) Moderately adequate"
"152","(3) 51 to 75 percent","(2) Minimally adequate"
"153","(3) 51 to 75 percent","(3) Moderately adequate"
"154","(3) 51 to 75 percent","(4) Completely adequate"
"155","(1) 25 percent or less","(4) Completely adequate"
"156","(3) 51 to 75 percent","(3) Moderately adequate"
"157","(2) 26 to 50 percent","(4) Completely adequate"
"158","(2) 26 to 50 percent","(4) Completely adequate"
"159","(1) 25 percent or less","(4) Completely adequate"
"160","(1) 25 percent or less","(4) Completely adequate"
"161","(2) 26 to 50 percent","(3) Moderately adequate"
"162","(3) 51 to 75 percent","(2) Minimally adequate"
"163","(4) 76 percent or more","(2) Minimally adequate"
"164","(1) 25 percent or less","(3) Moderately adequate"
"165","(3) 51 to 75 percent","(3) Moderately adequate"
"166","(2) 26 to 50 percent","(4) Completely adequate"
"167","(4) 76 percent or more","(3) Moderately adequate"
"168","(4) 76 percent or more","(2) Minimally adequate"
"169","(1) 25 percent or less","(3) Moderately adequate"
"170","(3) 51 to 75 percent","(4) Completely adequate"
"171","(1) 25 percent or less","(4) Completely adequate"
"172","(2) 26 to 50 percent","(2) Minimally adequate"
"173","(2) 26 to 50 percent","(3) Moderately adequate"
"174","(1) 25 percent or less","(4) Completely adequate"
"175","(1) 25 percent or less","(4) Completely adequate"
"176","(2) 26 to 50 percent","(4) Completely adequate"
"177","(2) 26 to 50 percent","(4) Completely adequate"
"178","(2) 26 to 50 percent","(4) Completely adequate"
"179","(1) 25 percent or less","(4) Completely adequate"
"180","(3) 51 to 75 percent","(2) Minimally adequate"
"181","(1) 25 percent or less","(2) Minimally adequate"
"182","(3) 51 to 75 percent","(2) Minimally adequate"
"183","(3) 51 to 75 percent","(4) Completely adequate"
"184","(3) 51 to 75 percent","(2) Minimally adequate"
"185","(2) 26 to 50 percent","(3) Moderately adequate"
"186","(2) 26 to 50 percent","(2) Minimally adequate"
"187","(3) 51 to 75 percent","(3) Moderately adequate"
"188","(1) 25 percent or less","(4) Completely adequate"
"189","(2) 26 to 50 percent","(3) Moderately adequate"
"190","(3) 51 to 75 percent","(3) Moderately adequate"
"191","(3) 51 to 75 percent","(3) Moderately adequate"
"192","(1) 25 percent or less","(2) Minimally adequate"
"193","(2) 26 to 50 percent","(4) Completely adequate"
"194","(4) 76 percent or more","(2) Minimally adequate"
"195","(1) 25 percent or less","(4) Completely adequate"
"196","(3) 51 to 75 percent","(3) Moderately adequate"
"197","(2) 26 to 50 percent","(4) Completely adequate"
"198","(3) 51 to 75 percent","(4) Completely adequate"
"199","(2) 26 to 50 percent","(4) Completely adequate"
"200","(1) 25 percent or less","(3) Moderately adequate"
"201","(1) 25 percent or less","(1) Not at all adequate"
"202","(1) 25 percent or less","(4) Completely adequate"
"203","(3) 51 to 75 percent","(3) Moderately adequate"
"204","(3) 51 to 75 percent","(4) Completely adequate"
"205","(4) 76 percent or more","(2) Minimally adequate"
"206","(3) 51 to 75 percent","(4) Completely adequate"
"207","(1) 25 percent or less","(4) Completely adequate"
"208","(4) 76 percent or more","(2) Minimally adequate"
"209","(2) 26 to 50 percent","(4) Completely adequate"
"210","(1) 25 percent or less","(4) Completely adequate"
"211","(2) 26 to 50 percent","(4) Completely adequate"
"212","(2) 26 to 50 percent","(4) Completely adequate"
"213","(4) 76 percent or more","(2) Minimally adequate"
"214","(3) 51 to 75 percent","(3) Moderately adequate"
"215","(4) 76 percent or more","(4) Completely adequate"
"216","(4) 76 percent or more","(1) Not at all adequate"
"217","(4) 76 percent or more","(1) Not at all adequate"
"218","(1) 25 percent or less","(4) Completely adequate"
"219","(2) 26 to 50 percent","(4) Completely adequate"
"220","(1) 25 percent or less","(3) Moderately adequate"
"221","(2) 26 to 50 percent","(4) Completely adequate"
"222","(1) 25 percent or less","(2) Minimally adequate"
"223","(1) 25 percent or less","(4) Completely adequate"
"224","(1) 25 percent or less","(4) Completely adequate"
"225","(2) 26 to 50 percent","(1) Not at all adequate"
"226","(1) 25 percent or less","(3) Moderately adequate"
"227","(3) 51 to 75 percent","(3) Moderately adequate"
"228","(3) 51 to 75 percent","(3) Moderately adequate"
"229","(1) 25 percent or less","(3) Moderately adequate"
"230","(3) 51 to 75 percent","(3) Moderately adequate"
"231","(2) 26 to 50 percent","(4) Completely adequate"
"232","(2) 26 to 50 percent","(4) Completely adequate"
"233","(2) 26 to 50 percent","(2) Minimally adequate"
"234","(4) 76 percent or more","(2) Minimally adequate"
"235","(1) 25 percent or less","(3) Moderately adequate"
"236","(1) 25 percent or less","(3) Moderately adequate"
"237","(1) 25 percent or less","(3) Moderately adequate"
"238","(3) 51 to 75 percent","(4) Completely adequate"
"239","(2) 26 to 50 percent","(3) Moderately adequate"
"240","(1) 25 percent or less","(4) Completely adequate"
"241","(1) 25 percent or less","(2) Minimally adequate"
"242","(4) 76 percent or more","(3) Moderately adequate"
"243","(1) 25 percent or less","(4) Completely adequate"
"244","(4) 76 percent or more","(4) Completely adequate"
"245","(1) 25 percent or less","(3) Moderately adequate"
"246","(1) 25 percent or less","(3) Moderately adequate"
"247","(2) 26 to 50 percent","(3) Moderately adequate"
"248","(2) 26 to 50 percent","(3) Moderately adequate"
"249","(2) 26 to 50 percent","(4) Completely adequate"
"250","(4) 76 percent or more","(3) Moderately adequate"
"251","(3) 51 to 75 percent","(2) Minimally adequate"
"252","(4) 76 percent or more","(2) Minimally adequate"
"253","(4) 76 percent or more","(3) Moderately adequate"
"254","(4) 76 percent or more","(3) Moderately adequate"
"255","(4) 76 percent or more","(2) Minimally adequate"
"256","(2) 26 to 50 percent","(3) Moderately adequate"
"257","(1) 25 percent or less","(4) Completely adequate"
"258","(2) 26 to 50 percent","(4) Completely adequate"
"259","(1) 25 percent or less","(2) Minimally adequate"
"260","(4) 76 percent or more","(4) Completely adequate"
"261","(2) 26 to 50 percent","(4) Completely adequate"
"262","(2) 26 to 50 percent","(4) Completely adequate"
"263","(1) 25 percent or less","(3) Moderately adequate"
"264","(2) 26 to 50 percent","(4) Completely adequate"
"265","(2) 26 to 50 percent","(3) Moderately adequate"
"266","(2) 26 to 50 percent","(3) Moderately adequate"
"267","(2) 26 to 50 percent","(3) Moderately adequate"
"268","(1) 25 percent or less","(3) Moderately adequate"
"269","(1) 25 percent or less","(3) Moderately adequate"
"270","(4) 76 percent or more","(2) Minimally adequate"
"271","(2) 26 to 50 percent","(3) Moderately adequate"
"272","(1) 25 percent or less","(4) Completely adequate"
"273","(4) 76 percent or more","(3) Moderately adequate"
"274","(1) 25 percent or less","(4) Completely adequate"
"275","(4) 76 percent or more","(4) Completely adequate"
"276","(1) 25 percent or less","(3) Moderately adequate"
"277","(2) 26 to 50 percent","(2) Minimally adequate"
"278","(1) 25 percent or less","(4) Completely adequate"
"279","(1) 25 percent or less","(3) Moderately adequate"
"280","(4) 76 percent or more","(4) Completely adequate"
"281","(3) 51 to 75 percent","(4) Completely adequate"
"282","(3) 51 to 75 percent","(4) Completely adequate"
"283","(2) 26 to 50 percent","(2) Minimally adequate"
"284","(1) 25 percent or less","(2) Minimally adequate"
"285","(1) 25 percent or less","(2) Minimally adequate"
"286","(2) 26 to 50 percent","(3) Moderately adequate"
"287","(2) 26 to 50 percent","(4) Completely adequate"
"288","(4) 76 percent or more","(3) Moderately adequate"
"289","(2) 26 to 50 percent","(3) Moderately adequate"
"290","(3) 51 to 75 percent","(3) Moderately adequate"
"291","(4) 76 percent or more","(2) Minimally adequate"
"292","(2) 26 to 50 percent","(3) Moderately adequate"
"293","(1) 25 percent or less","(3) Moderately adequate"
"294","(3) 51 to 75 percent","(4) Completely adequate"
"295","(2) 26 to 50 percent","(2) Minimally adequate"
"296","(1) 25 percent or less","(2) Minimally adequate"
"297","(1) 25 percent or less","(4) Completely adequate"
"298","(1) 25 percent or less","(4) Completely adequate"
"299","(3) 51 to 75 percent","(1) Not at all adequate"
"300","(2) 26 to 50 percent","(3) Moderately adequate"
"301","(3) 51 to 75 percent","(3) Moderately adequate"
"302","(2) 26 to 50 percent","(3) Moderately adequate"
"303","(1) 25 percent or less","(4) Completely adequate"
"304","(4) 76 percent or more","(3) Moderately adequate"
"305","(3) 51 to 75 percent","(4) Completely adequate"
"306","(2) 26 to 50 percent","(4) Completely adequate"
"307","(3) 51 to 75 percent","(4) Completely adequate"
"308","(4) 76 percent or more","(2) Minimally adequate"
"309","(3) 51 to 75 percent","(2) Minimally adequate"
"310","(1) 25 percent or less","(4) Completely adequate"
"311","(1) 25 percent or less","(4) Completely adequate"
"312","(1) 25 percent or less","(4) Completely adequate"
"313","(2) 26 to 50 percent","(3) Moderately adequate"
"314","(2) 26 to 50 percent","(3) Moderately adequate"
"315","(2) 26 to 50 percent","(3) Moderately adequate"
"316","(1) 25 percent or less","(4) Completely adequate"
"317","(2) 26 to 50 percent","(4) Completely adequate"
"318","(2) 26 to 50 percent","(3) Moderately adequate"
"319","(1) 25 percent or less","(4) Completely adequate"
"320","(3) 51 to 75 percent","(3) Moderately adequate"
"321","(1) 25 percent or less","(3) Moderately adequate"
"322","(3) 51 to 75 percent","(3) Moderately adequate"
"323","(4) 76 percent or more","(3) Moderately adequate"
"324","(1) 25 percent or less","(3) Moderately adequate"
"325","(1) 25 percent or less","(4) Completely adequate"
"326","(4) 76 percent or more","(2) Minimally adequate"
"327","(1) 25 percent or less","(3) Moderately adequate"
"328","(2) 26 to 50 percent","(3) Moderately adequate"
"329","(2) 26 to 50 percent","(4) Completely adequate"
"330","(2) 26 to 50 percent","(2) Minimally adequate"
"331","(4) 76 percent or more","(2) Minimally adequate"
"332","(4) 76 percent or more","(3) Moderately adequate"
"333","(2) 26 to 50 percent","(2) Minimally adequate"
"334","(4) 76 percent or more","(3) Moderately adequate"
"335","(4) 76 percent or more","(3) Moderately adequate"
"336","(1) 25 percent or less","(4) Completely adequate"
"337","(2) 26 to 50 percent","(2) Minimally adequate"
"338","(2) 26 to 50 percent","(3) Moderately adequate"
"339","(3) 51 to 75 percent","(3) Moderately adequate"
"340","(1) 25 percent or less","(4) Completely adequate"
"341","(3) 51 to 75 percent","(2) Minimally adequate"
"342","(4) 76 percent or more","(2) Minimally adequate"
"343","(2) 26 to 50 percent","(4) Completely adequate"
"344","(3) 51 to 75 percent","(1) Not at all adequate"
"345","(2) 26 to 50 percent","(3) Moderately adequate"
"346","(4) 76 percent or more","(2) Minimally adequate"
"347","(2) 26 to 50 percent","(4) Completely adequate"
"348","(2) 26 to 50 percent","(3) Moderately adequate"
"349","(2) 26 to 50 percent","(4) Completely adequate"
"350","(1) 25 percent or less","(3) Moderately adequate"
"351","(4) 76 percent or more","(4) Completely adequate"
"352","(4) 76 percent or more","(3) Moderately adequate"
"353","(2) 26 to 50 percent","(2) Minimally adequate"
"354","(1) 25 percent or less","(3) Moderately adequate"
"355","(2) 26 to 50 percent","(4) Completely adequate"
"356","(2) 26 to 50 percent","(3) Moderately adequate"
"357","(1) 25 percent or less","(4) Completely adequate"
"358","(1) 25 percent or less","(4) Completely adequate"
"359","(4) 76 percent or more","(1) Not at all adequate"
"360","(3) 51 to 75 percent","(4) Completely adequate"
"361","(2) 26 to 50 percent","(3) Moderately adequate"
"362","(1) 25 percent or less","(4) Completely adequate"
"363","(2) 26 to 50 percent","(2) Minimally adequate"
"364","(1) 25 percent or less","(3) Moderately adequate"
"365","(3) 51 to 75 percent","(2) Minimally adequate"
"366","(3) 51 to 75 percent","(2) Minimally adequate"
"367","(2) 26 to 50 percent","(4) Completely adequate"
"368","(1) 25 percent or less","(4) Completely adequate"
"369","(3) 51 to 75 percent","(3) Moderately adequate"
"370","(1) 25 percent or less","(4) Completely adequate"
"371","(3) 51 to 75 percent","(2) Minimally adequate"
"372","(3) 51 to 75 percent","(4) Completely adequate"
"373","(2) 26 to 50 percent","(3) Moderately adequate"
"374","(1) 25 percent or less","(4) Completely adequate"
"375","(1) 25 percent or less","(3) Moderately adequate"
"376","(3) 51 to 75 percent","(3) Moderately adequate"
"377","(4) 76 percent or more","(3) Moderately adequate"
"378","(4) 76 percent or more","(3) Moderately adequate"
"379","(1) 25 percent or less","(4) Completely adequate"
"380","(4) 76 percent or more","(3) Moderately adequate"
"381","(3) 51 to 75 percent","(2) Minimally adequate"
"382","(4) 76 percent or more","(4) Completely adequate"
"383","(4) 76 percent or more","(3) Moderately adequate"
"384","(3) 51 to 75 percent","(3) Moderately adequate"
"385","(4) 76 percent or more","(2) Minimally adequate"
"386","(1) 25 percent or less","(4) Completely adequate"
"387","(4) 76 percent or more","(4) Completely adequate"
"388","(2) 26 to 50 percent","(3) Moderately adequate"
"389","(4) 76 percent or more","(3) Moderately adequate"
"390",NA,"(3) Moderately adequate"
"391","(4) 76 percent or more","(3) Moderately adequate"
"392","(2) 26 to 50 percent","(3) Moderately adequate"
"393","(1) 25 percent or less","(4) Completely adequate"
"394","(2) 26 to 50 percent","(4) Completely adequate"
"395","(1) 25 percent or less","(4) Completely adequate"
"396","(3) 51 to 75 percent","(3) Moderately adequate"
"397","(2) 26 to 50 percent","(4) Completely adequate"
"398","(4) 76 percent or more","(3) Moderately adequate"
"399","(1) 25 percent or less","(4) Completely adequate"
"400","(1) 25 percent or less","(3) Moderately adequate"
"401","(2) 26 to 50 percent","(4) Completely adequate"
"402","(1) 25 percent or less","(2) Minimally adequate"
"403","(3) 51 to 75 percent","(1) Not at all adequate"
"404","(3) 51 to 75 percent","(3) Moderately adequate"
"405","(4) 76 percent or more","(3) Moderately adequate"
"406","(4) 76 percent or more","(3) Moderately adequate"
"407","(1) 25 percent or less","(2) Minimally adequate"
"408","(1) 25 percent or less","(4) Completely adequate"
"409","(3) 51 to 75 percent","(4) Completely adequate"
"410","(1) 25 percent or less","(3) Moderately adequate"
"411","(4) 76 percent or more","(4) Completely adequate"
"412","(1) 25 percent or less","(3) Moderately adequate"
"413","(3) 51 to 75 percent","(4) Completely adequate"
"414","(1) 25 percent or less","(2) Minimally adequate"
"415","(3) 51 to 75 percent","(2) Minimally adequate"
"416","(1) 25 percent or less","(3) Moderately adequate"
"417","(1) 25 percent or less","(3) Moderately adequate"
"418","(1) 25 percent or less","(2) Minimally adequate"
"419","(3) 51 to 75 percent","(3) Moderately adequate"
"420","(4) 76 percent or more","(3) Moderately adequate"
"421","(2) 26 to 50 percent","(3) Moderately adequate"
"422","(2) 26 to 50 percent","(4) Completely adequate"
"423","(3) 51 to 75 percent","(2) Minimally adequate"
"424","(1) 25 percent or less","(3) Moderately adequate"
"425","(3) 51 to 75 percent","(4) Completely adequate"
"426","(4) 76 percent or more","(4) Completely adequate"
"427","(3) 51 to 75 percent","(4) Completely adequate"
"428","(3) 51 to 75 percent","(3) Moderately adequate"
"429","(2) 26 to 50 percent","(2) Minimally adequate"
"430","(1) 25 percent or less","(4) Completely adequate"
"431","(3) 51 to 75 percent","(3) Moderately adequate"
"432","(4) 76 percent or more","(3) Moderately adequate"
"433","(2) 26 to 50 percent","(4) Completely adequate"
"434","(4) 76 percent or more","(4) Completely adequate"
"435","(1) 25 percent or less","(1) Not at all adequate"
"436","(1) 25 percent or less","(4) Completely adequate"
"437","(3) 51 to 75 percent","(4) Completely adequate"
"438","(4) 76 percent or more","(1) Not at all adequate"
"439","(3) 51 to 75 percent","(3) Moderately adequate"
"440","(1) 25 percent or less","(4) Completely adequate"
"441","(4) 76 percent or more","(3) Moderately adequate"
"442","(1) 25 percent or less","(3) Moderately adequate"
"443","(3) 51 to 75 percent","(2) Minimally adequate"
"444","(3) 51 to 75 percent","(3) Moderately adequate"
"445","(2) 26 to 50 percent","(4) Completely adequate"
"446","(1) 25 percent or less","(4) Completely adequate"
"447","(3) 51 to 75 percent","(4) Completely adequate"
"448","(1) 25 percent or less","(3) Moderately adequate"
"449","(1) 25 percent or less","(3) Moderately adequate"
"450","(2) 26 to 50 percent","(2) Minimally adequate"
"451","(3) 51 to 75 percent","(3) Moderately adequate"
"452","(2) 26 to 50 percent","(4) Completely adequate"
"453","(2) 26 to 50 percent","(4) Completely adequate"
"454","(2) 26 to 50 percent","(4) Completely adequate"
"455","(3) 51 to 75 percent","(1) Not at all adequate"
"456","(4) 76 percent or more","(3) Moderately adequate"
"457","(3) 51 to 75 percent","(1) Not at all adequate"
"458","(4) 76 percent or more","(3) Moderately adequate"
"459","(2) 26 to 50 percent","(4) Completely adequate"
"460","(1) 25 percent or less","(2) Minimally adequate"
"461","(4) 76 percent or more","(4) Completely adequate"
"462","(2) 26 to 50 percent","(3) Moderately adequate"
"463","(3) 51 to 75 percent","(4) Completely adequate"
"464","(2) 26 to 50 percent","(3) Moderately adequate"
"465","(3) 51 to 75 percent","(3) Moderately adequate"
"466","(3) 51 to 75 percent","(4) Completely adequate"
"467","(2) 26 to 50 percent","(4) Completely adequate"
"468","(2) 26 to 50 percent","(3) Moderately adequate"
"469","(1) 25 percent or less","(4) Completely adequate"
"470","(3) 51 to 75 percent","(3) Moderately adequate"
"471","(1) 25 percent or less","(3) Moderately adequate"
"472","(2) 26 to 50 percent","(3) Moderately adequate"
"473","(4) 76 percent or more","(4) Completely adequate"
"474","(3) 51 to 75 percent","(3) Moderately adequate"
"475","(3) 51 to 75 percent","(2) Minimally adequate"
"476","(2) 26 to 50 percent","(3) Moderately adequate"
"477","(4) 76 percent or more","(1) Not at all adequate"
"478","(2) 26 to 50 percent","(2) Minimally adequate"
"479","(4) 76 percent or more","(4) Completely adequate"
"480","(2) 26 to 50 percent","(3) Moderately adequate"
"481","(3) 51 to 75 percent","(2) Minimally adequate"
"482","(2) 26 to 50 percent","(4) Completely adequate"
"483","(2) 26 to 50 percent","(3) Moderately adequate"
"484","(2) 26 to 50 percent","(2) Minimally adequate"
"485","(1) 25 percent or less","(4) Completely adequate"
"486","(2) 26 to 50 percent","(3) Moderately adequate"
"487","(1) 25 percent or less","(4) Completely adequate"
"488","(3) 51 to 75 percent","(3) Moderately adequate"
"489","(3) 51 to 75 percent","(3) Moderately adequate"
"490","(3) 51 to 75 percent","(2) Minimally adequate"
"491","(3) 51 to 75 percent","(3) Moderately adequate"
"492","(2) 26 to 50 percent","(4) Completely adequate"
"493","(3) 51 to 75 percent","(4) Completely adequate"
"494","(1) 25 percent or less","(3) Moderately adequate"
"495","(4) 76 percent or more","(2) Minimally adequate"
"496","(3) 51 to 75 percent","(4) Completely adequate"
"497","(4) 76 percent or more","(3) Moderately adequate"
"498","(2) 26 to 50 percent","(4) Completely adequate"
"499","(4) 76 percent or more","(3) Moderately adequate"
"500","(1) 25 percent or less","(3) Moderately adequate"
"501","(1) 25 percent or less","(3) Moderately adequate"
"502","(1) 25 percent or less","(4) Completely adequate"
"503","(3) 51 to 75 percent","(3) Moderately adequate"
"504","(2) 26 to 50 percent","(3) Moderately adequate"
"505","(3) 51 to 75 percent","(3) Moderately adequate"
"506","(1) 25 percent or less","(4) Completely adequate"
"507","(1) 25 percent or less","(4) Completely adequate"
"508","(4) 76 percent or more","(1) Not at all adequate"
"509","(2) 26 to 50 percent","(4) Completely adequate"
"510","(2) 26 to 50 percent","(4) Completely adequate"
"511","(3) 51 to 75 percent","(1) Not at all adequate"
"512","(1) 25 percent or less","(3) Moderately adequate"
"513","(2) 26 to 50 percent","(2) Minimally adequate"
"514","(4) 76 percent or more","(4) Completely adequate"
"515","(2) 26 to 50 percent","(3) Moderately adequate"
"516","(1) 25 percent or less","(2) Minimally adequate"
"517","(1) 25 percent or less","(3) Moderately adequate"
"518","(2) 26 to 50 percent","(4) Completely adequate"
"519","(3) 51 to 75 percent","(4) Completely adequate"
"520","(4) 76 percent or more","(4) Completely adequate"
"521","(3) 51 to 75 percent","(3) Moderately adequate"
"522","(1) 25 percent or less","(4) Completely adequate"
"523","(1) 25 percent or less","(3) Moderately adequate"
"524","(1) 25 percent or less","(4) Completely adequate"
"525","(1) 25 percent or less","(3) Moderately adequate"
"526","(2) 26 to 50 percent","(1) Not at all adequate"
"527","(2) 26 to 50 percent","(4) Completely adequate"
"528","(1) 25 percent or less","(4) Completely adequate"
"529","(1) 25 percent or less","(4) Completely adequate"
"530","(3) 51 to 75 percent","(4) Completely adequate"
"531","(3) 51 to 75 percent","(1) Not at all adequate"
"532","(2) 26 to 50 percent","(2) Minimally adequate"
"533","(3) 51 to 75 percent","(4) Completely adequate"
"534","(4) 76 percent or more","(3) Moderately adequate"
"535","(1) 25 percent or less","(3) Moderately adequate"
"536","(2) 26 to 50 percent","(4) Completely adequate"
"537","(1) 25 percent or less","(3) Moderately adequate"
"538","(2) 26 to 50 percent","(4) Completely adequate"
"539","(2) 26 to 50 percent","(4) Completely adequate"
"540","(3) 51 to 75 percent","(4) Completely adequate"
"541","(2) 26 to 50 percent","(2) Minimally adequate"
"542","(3) 51 to 75 percent","(4) Completely adequate"
"543","(2) 26 to 50 percent","(4) Completely adequate"
"544","(2) 26 to 50 percent","(4) Completely adequate"
"545","(1) 25 percent or less","(3) Moderately adequate"
"546","(1) 25 percent or less","(4) Completely adequate"
"547","(1) 25 percent or less","(1) Not at all adequate"
"548","(4) 76 percent or more","(2) Minimally adequate"
"549","(2) 26 to 50 percent","(2) Minimally adequate"
"550","(3) 51 to 75 percent","(2) Minimally adequate"
"551","(2) 26 to 50 percent","(4) Completely adequate"
"552","(2) 26 to 50 percent","(3) Moderately adequate"
"553","(1) 25 percent or less","(3) Moderately adequate"
"554","(3) 51 to 75 percent","(2) Minimally adequate"
"555","(4) 76 percent or more","(1) Not at all adequate"
"556","(1) 25 percent or less","(1) Not at all adequate"
"557","(1) 25 percent or less","(2) Minimally adequate"
"558","(4) 76 percent or more","(3) Moderately adequate"
"559","(1) 25 percent or less","(4) Completely adequate"
"560","(4) 76 percent or more","(3) Moderately adequate"
"561","(4) 76 percent or more","(2) Minimally adequate"
"562","(2) 26 to 50 percent","(2) Minimally adequate"
"563","(3) 51 to 75 percent","(3) Moderately adequate"
"564","(2) 26 to 50 percent","(2) Minimally adequate"
"565","(2) 26 to 50 percent","(4) Completely adequate"
"566","(2) 26 to 50 percent","(3) Moderately adequate"
"567","(3) 51 to 75 percent","(1) Not at all adequate"
"568","(2) 26 to 50 percent","(4) Completely adequate"
"569","(3) 51 to 75 percent","(2) Minimally adequate"
"570","(3) 51 to 75 percent","(4) Completely adequate"
"571","(3) 51 to 75 percent","(2) Minimally adequate"
"572","(4) 76 percent or more","(1) Not at all adequate"
"573","(3) 51 to 75 percent","(4) Completely adequate"
"574","(4) 76 percent or more","(3) Moderately adequate"
"575","(1) 25 percent or less","(4) Completely adequate"
"576","(1) 25 percent or less","(4) Completely adequate"
"577","(3) 51 to 75 percent","(4) Completely adequate"
"578","(3) 51 to 75 percent","(3) Moderately adequate"
"579","(1) 25 percent or less","(4) Completely adequate"
"580","(1) 25 percent or less","(3) Moderately adequate"
"581","(3) 51 to 75 percent","(4) Completely adequate"
"582","(4) 76 percent or more","(4) Completely adequate"
"583","(1) 25 percent or less","(4) Completely adequate"
"584","(2) 26 to 50 percent","(4) Completely adequate"
"585","(4) 76 percent or more","(1) Not at all adequate"
"586","(1) 25 percent or less","(4) Completely adequate"
"587","(1) 25 percent or less","(2) Minimally adequate"
"588","(3) 51 to 75 percent","(3) Moderately adequate"
"589","(2) 26 to 50 percent","(3) Moderately adequate"
"590","(4) 76 percent or more","(4) Completely adequate"
"591","(3) 51 to 75 percent","(3) Moderately adequate"
"592","(3) 51 to 75 percent","(1) Not at all adequate"
"593","(4) 76 percent or more","(3) Moderately adequate"
"594","(1) 25 percent or less","(4) Completely adequate"
"595","(3) 51 to 75 percent","(3) Moderately adequate"
"596","(4) 76 percent or more","(3) Moderately adequate"
"597","(2) 26 to 50 percent","(2) Minimally adequate"
"598","(1) 25 percent or less","(2) Minimally adequate"
"599","(1) 25 percent or less","(4) Completely adequate"
"600","(3) 51 to 75 percent","(3) Moderately adequate"
"601","(3) 51 to 75 percent","(3) Moderately adequate"
"602","(1) 25 percent or less","(3) Moderately adequate"
"603","(2) 26 to 50 percent","(3) Moderately adequate"
"604","(3) 51 to 75 percent","(4) Completely adequate"
"605","(4) 76 percent or more","(3) Moderately adequate"
"606","(1) 25 percent or less","(4) Completely adequate"
"607","(4) 76 percent or more","(4) Completely adequate"
"608","(2) 26 to 50 percent","(1) Not at all adequate"
"609","(2) 26 to 50 percent","(4) Completely adequate"
"610","(1) 25 percent or less","(3) Moderately adequate"
"611","(3) 51 to 75 percent","(4) Completely adequate"
"612","(2) 26 to 50 percent","(4) Completely adequate"
"613","(4) 76 percent or more","(3) Moderately adequate"
"614","(2) 26 to 50 percent","(2) Minimally adequate"
"615","(4) 76 percent or more","(4) Completely adequate"
"616","(4) 76 percent or more","(3) Moderately adequate"
"617","(1) 25 percent or less","(4) Completely adequate"
"618","(2) 26 to 50 percent","(3) Moderately adequate"
"619","(2) 26 to 50 percent","(3) Moderately adequate"
"620","(1) 25 percent or less","(4) Completely adequate"
"621","(3) 51 to 75 percent","(4) Completely adequate"
"622","(2) 26 to 50 percent","(4) Completely adequate"
"623","(1) 25 percent or less","(4) Completely adequate"
"624","(3) 51 to 75 percent","(2) Minimally adequate"
"625","(1) 25 percent or less","(3) Moderately adequate"
"626","(1) 25 percent or less","(4) Completely adequate"
"627","(2) 26 to 50 percent","(4) Completely adequate"
"628","(1) 25 percent or less","(4) Completely adequate"
"629","(3) 51 to 75 percent","(3) Moderately adequate"
"630","(3) 51 to 75 percent","(4) Completely adequate"
"631","(4) 76 percent or more","(1) Not at all adequate"
"632","(1) 25 percent or less","(4) Completely adequate"
"633","(2) 26 to 50 percent","(3) Moderately adequate"
"634","(4) 76 percent or more","(2) Minimally adequate"
"635","(2) 26 to 50 percent","(2) Minimally adequate"
"636","(2) 26 to 50 percent","(4) Completely adequate"
"637","(1) 25 percent or less","(3) Moderately adequate"
"638","(3) 51 to 75 percent","(1) Not at all adequate"
"639","(1) 25 percent or less","(4) Completely adequate"
"640","(1) 25 percent or less","(4) Completely adequate"
"641","(3) 51 to 75 percent","(4) Completely adequate"
"642","(3) 51 to 75 percent","(4) Completely adequate"
"643","(2) 26 to 50 percent","(3) Moderately adequate"
"644","(3) 51 to 75 percent","(3) Moderately adequate"
"645","(2) 26 to 50 percent","(4) Completely adequate"
"646","(2) 26 to 50 percent","(2) Minimally adequate"
"647","(3) 51 to 75 percent","(2) Minimally adequate"
"648","(4) 76 percent or more","(4) Completely adequate"
"649","(2) 26 to 50 percent","(3) Moderately adequate"
"650","(2) 26 to 50 percent","(4) Completely adequate"
"651","(1) 25 percent or less","(2) Minimally adequate"
"652","(1) 25 percent or less","(3) Moderately adequate"
"653","(3) 51 to 75 percent","(2) Minimally adequate"
"654","(4) 76 percent or more","(2) Minimally adequate"
"655","(4) 76 percent or more","(3) Moderately adequate"
"656","(4) 76 percent or more","(1) Not at all adequate"
"657","(1) 25 percent or less","(4) Completely adequate"
"658","(1) 25 percent or less","(4) Completely adequate"
"659","(4) 76 percent or more","(3) Moderately adequate"
"660","(4) 76 percent or more","(4) Completely adequate"
"661","(1) 25 percent or less","(3) Moderately adequate"
"662","(4) 76 percent or more","(4) Completely adequate"
"663","(3) 51 to 75 percent","(2) Minimally adequate"
"664","(1) 25 percent or less","(3) Moderately adequate"
"665","(3) 51 to 75 percent","(2) Minimally adequate"
"666","(1) 25 percent or less","(4) Completely adequate"
"667","(4) 76 percent or more","(4) Completely adequate"
"668","(3) 51 to 75 percent","(4) Completely adequate"
"669","(3) 51 to 75 percent","(3) Moderately adequate"
"670","(2) 26 to 50 percent","(2) Minimally adequate"
"671","(4) 76 percent or more","(1) Not at all adequate"
"672","(3) 51 to 75 percent","(3) Moderately adequate"
"673","(2) 26 to 50 percent","(2) Minimally adequate"
"674","(2) 26 to 50 percent","(4) Completely adequate"
"675","(4) 76 percent or more","(3) Moderately adequate"
"676","(1) 25 percent or less","(3) Moderately adequate"
"677","(3) 51 to 75 percent","(2) Minimally adequate"
"678","(4) 76 percent or more","(4) Completely adequate"
"679","(3) 51 to 75 percent","(2) Minimally adequate"
"680","(4) 76 percent or more","(3) Moderately adequate"
"681","(1) 25 percent or less","(2) Minimally adequate"
"682","(1) 25 percent or less","(4) Completely adequate"
"683","(4) 76 percent or more","(2) Minimally adequate"
"684","(3) 51 to 75 percent","(3) Moderately adequate"
"685","(1) 25 percent or less","(4) Completely adequate"
"686","(3) 51 to 75 percent","(4) Completely adequate"
"687","(1) 25 percent or less","(4) Completely adequate"
"688","(1) 25 percent or less","(3) Moderately adequate"
"689","(2) 26 to 50 percent","(3) Moderately adequate"
"690","(2) 26 to 50 percent","(4) Completely adequate"
"691","(3) 51 to 75 percent","(3) Moderately adequate"
"692","(2) 26 to 50 percent","(3) Moderately adequate"
"693","(1) 25 percent or less","(3) Moderately adequate"
"694","(1) 25 percent or less","(4) Completely adequate"
"695","(1) 25 percent or less","(4) Completely adequate"
"696","(4) 76 percent or more","(2) Minimally adequate"
"697","(1) 25 percent or less","(4) Completely adequate"
"698","(4) 76 percent or more","(3) Moderately adequate"
"699","(3) 51 to 75 percent","(2) Minimally adequate"
"700","(4) 76 percent or more","(4) Completely adequate"
"701","(2) 26 to 50 percent","(3) Moderately adequate"
"702","(1) 25 percent or less","(4) Completely adequate"
"703","(4) 76 percent or more","(1) Not at all adequate"
"704","(1) 25 percent or less","(4) Completely adequate"
"705","(2) 26 to 50 percent","(3) Moderately adequate"
"706","(3) 51 to 75 percent","(2) Minimally adequate"
"707","(2) 26 to 50 percent","(4) Completely adequate"
"708","(1) 25 percent or less","(3) Moderately adequate"
"709","(4) 76 percent or more","(2) Minimally adequate"
"710","(4) 76 percent or more","(3) Moderately adequate"
"711","(2) 26 to 50 percent","(4) Completely adequate"
"712","(2) 26 to 50 percent","(4) Completely adequate"
"713","(1) 25 percent or less","(4) Completely adequate"
"714","(1) 25 percent or less","(3) Moderately adequate"
"715","(2) 26 to 50 percent","(4) Completely adequate"
"716","(4) 76 percent or more","(3) Moderately adequate"
"717","(2) 26 to 50 percent","(4) Completely adequate"
"718","(4) 76 percent or more","(4) Completely adequate"
"719","(1) 25 percent or less","(4) Completely adequate"
"720","(2) 26 to 50 percent","(4) Completely adequate"
"721","(2) 26 to 50 percent","(3) Moderately adequate"
"722","(3) 51 to 75 percent","(3) Moderately adequate"
"723","(3) 51 to 75 percent","(4) Completely adequate"
"724","(3) 51 to 75 percent","(3) Moderately adequate"
"725","(1) 25 percent or less","(3) Moderately adequate"
"726","(3) 51 to 75 percent","(4) Completely adequate"
"727","(3) 51 to 75 percent","(4) Completely adequate"
"728","(4) 76 percent or more","(1) Not at all adequate"
"729","(1) 25 percent or less","(3) Moderately adequate"
"730","(1) 25 percent or less","(2) Minimally adequate"
"731","(4) 76 percent or more","(2) Minimally adequate"
"732","(2) 26 to 50 percent","(4) Completely adequate"
"733","(1) 25 percent or less","(4) Completely adequate"
"734","(3) 51 to 75 percent","(1) Not at all adequate"
"735","(1) 25 percent or less","(4) Completely adequate"
"736","(4) 76 percent or more","(4) Completely adequate"
"737","(2) 26 to 50 percent","(3) Moderately adequate"
"738","(3) 51 to 75 percent","(4) Completely adequate"
"739","(3) 51 to 75 percent","(4) Completely adequate"
"740","(1) 25 percent or less","(4) Completely adequate"
"741","(3) 51 to 75 percent","(3) Moderately adequate"
"742","(2) 26 to 50 percent","(3) Moderately adequate"
"743","(1) 25 percent or less","(4) Completely adequate"
"744","(4) 76 percent or more","(3) Moderately adequate"
"745","(3) 51 to 75 percent","(4) Completely adequate"
"746","(4) 76 percent or more","(3) Moderately adequate"
"747","(4) 76 percent or more","(3) Moderately adequate"
"748","(2) 26 to 50 percent","(2) Minimally adequate"
"749","(4) 76 percent or more","(4) Completely adequate"
"750","(4) 76 percent or more","(4) Completely adequate"
"751","(2) 26 to 50 percent","(4) Completely adequate"
"752","(2) 26 to 50 percent","(2) Minimally adequate"
"753","(2) 26 to 50 percent","(4) Completely adequate"
"754","(1) 25 percent or less","(2) Minimally adequate"
"755","(3) 51 to 75 percent","(3) Moderately adequate"
"756","(4) 76 percent or more","(3) Moderately adequate"
"757","(3) 51 to 75 percent","(3) Moderately adequate"
"758","(1) 25 percent or less","(2) Minimally adequate"
"759","(2) 26 to 50 percent","(3) Moderately adequate"
"760","(4) 76 percent or more","(4) Completely adequate"
"761","(2) 26 to 50 percent","(3) Moderately adequate"
"762","(2) 26 to 50 percent","(4) Completely adequate"
"763","(1) 25 percent or less","(3) Moderately adequate"
"764","(3) 51 to 75 percent","(4) Completely adequate"
"765","(2) 26 to 50 percent","(3) Moderately adequate"
"766","(1) 25 percent or less","(4) Completely adequate"
"767","(2) 26 to 50 percent","(1) Not at all adequate"
"768","(3) 51 to 75 percent","(4) Completely adequate"
"769","(4) 76 percent or more","(4) Completely adequate"
"770","(2) 26 to 50 percent","(4) Completely adequate"
"771","(2) 26 to 50 percent","(3) Moderately adequate"
"772","(1) 25 percent or less","(4) Completely adequate"
"773","(1) 25 percent or less","(4) Completely adequate"
"774","(4) 76 percent or more","(3) Moderately adequate"
"775","(3) 51 to 75 percent","(4) Completely adequate"
"776","(1) 25 percent or less","(4) Completely adequate"
"777","(4) 76 percent or more","(2) Minimally adequate"
"778","(3) 51 to 75 percent","(4) Completely adequate"
"779","(2) 26 to 50 percent","(4) Completely adequate"
"780","(1) 25 percent or less","(3) Moderately adequate"
"781","(4) 76 percent or more","(2) Minimally adequate"
"782","(3) 51 to 75 percent","(3) Moderately adequate"
"783","(3) 51 to 75 percent","(3) Moderately adequate"
"784","(4) 76 percent or more","(2) Minimally adequate"
"785","(1) 25 percent or less","(4) Completely adequate"
"786","(3) 51 to 75 percent","(4) Completely adequate"
"787","(2) 26 to 50 percent","(3) Moderately adequate"
"788","(4) 76 percent or more","(3) Moderately adequate"
"789","(1) 25 percent or less","(3) Moderately adequate"
"790","(1) 25 percent or less","(4) Completely adequate"
"791","(1) 25 percent or less","(3) Moderately adequate"
"792","(1) 25 percent or less","(4) Completely adequate"
"793","(4) 76 percent or more","(2) Minimally adequate"
"794","(3) 51 to 75 percent","(3) Moderately adequate"
"795","(1) 25 percent or less","(4) Completely adequate"
"796","(2) 26 to 50 percent","(4) Completely adequate"
"797","(4) 76 percent or more","(3) Moderately adequate"
"798","(1) 25 percent or less","(4) Completely adequate"
"799","(4) 76 percent or more","(4) Completely adequate"
"800","(1) 25 percent or less","(3) Moderately adequate"
"801","(3) 51 to 75 percent","(4) Completely adequate"
"802","(2) 26 to 50 percent","(4) Completely adequate"
"803","(2) 26 to 50 percent","(4) Completely adequate"
"804","(3) 51 to 75 percent","(3) Moderately adequate"
"805","(2) 26 to 50 percent","(3) Moderately adequate"
"806","(4) 76 percent or more","(4) Completely adequate"
"807","(2) 26 to 50 percent","(4) Completely adequate"
"808","(1) 25 percent or less","(3) Moderately adequate"
"809","(1) 25 percent or less","(3) Moderately adequate"
"810","(1) 25 percent or less","(3) Moderately adequate"
"811","(3) 51 to 75 percent","(3) Moderately adequate"
"812","(2) 26 to 50 percent","(4) Completely adequate"
"813","(2) 26 to 50 percent","(4) Completely adequate"
"814","(4) 76 percent or more","(1) Not at all adequate"
"815","(3) 51 to 75 percent","(3) Moderately adequate"
"816","(1) 25 percent or less","(3) Moderately adequate"
"817","(1) 25 percent or less","(3) Moderately adequate"
"818","(1) 25 percent or less","(4) Completely adequate"
"819","(4) 76 percent or more","(2) Minimally adequate"
"820","(3) 51 to 75 percent","(4) Completely adequate"
"821","(1) 25 percent or less","(3) Moderately adequate"
"822","(4) 76 percent or more","(3) Moderately adequate"
"823","(2) 26 to 50 percent","(3) Moderately adequate"
"824","(3) 51 to 75 percent","(3) Moderately adequate"
"825","(3) 51 to 75 percent","(1) Not at all adequate"
"826","(2) 26 to 50 percent","(3) Moderately adequate"
"827","(2) 26 to 50 percent","(2) Minimally adequate"
"828","(4) 76 percent or more","(3) Moderately adequate"
"829","(4) 76 percent or more","(3) Moderately adequate"
"830","(3) 51 to 75 percent","(4) Completely adequate"
"831","(1) 25 percent or less","(4) Completely adequate"
"832","(1) 25 percent or less","(4) Completely adequate"
"833","(2) 26 to 50 percent","(3) Moderately adequate"
"834","(3) 51 to 75 percent","(2) Minimally adequate"
"835","(1) 25 percent or less","(4) Completely adequate"
"836","(4) 76 percent or more","(4) Completely adequate"
"837","(3) 51 to 75 percent","(4) Completely adequate"
"838","(4) 76 percent or more","(2) Minimally adequate"
"839","(4) 76 percent or more","(3) Moderately adequate"
"840","(1) 25 percent or less","(2) Minimally adequate"
"841","(1) 25 percent or less","(4) Completely adequate"
"842","(1) 25 percent or less","(4) Completely adequate"
"843","(1) 25 percent or less","(4) Completely adequate"
"844","(3) 51 to 75 percent","(4) Completely adequate"
"845","(3) 51 to 75 percent","(3) Moderately adequate"
"846","(3) 51 to 75 percent","(3) Moderately adequate"
"847","(4) 76 percent or more","(3) Moderately adequate"
"848","(4) 76 percent or more","(3) Moderately adequate"
"849","(1) 25 percent or less","(3) Moderately adequate"
"850","(2) 26 to 50 percent","(2) Minimally adequate"
"851","(4) 76 percent or more","(4) Completely adequate"
"852","(3) 51 to 75 percent","(4) Completely adequate"
"853","(2) 26 to 50 percent","(3) Moderately adequate"
"854","(1) 25 percent or less","(3) Moderately adequate"
"855","(1) 25 percent or less","(2) Minimally adequate"
"856","(1) 25 percent or less","(4) Completely adequate"
"857","(4) 76 percent or more","(4) Completely adequate"
"858","(2) 26 to 50 percent","(4) Completely adequate"
"859","(4) 76 percent or more","(2) Minimally adequate"
"860","(2) 26 to 50 percent","(3) Moderately adequate"
"861","(1) 25 percent or less","(3) Moderately adequate"
"862","(1) 25 percent or less","(4) Completely adequate"
"863","(3) 51 to 75 percent","(2) Minimally adequate"
"864","(4) 76 percent or more","(4) Completely adequate"
"865","(1) 25 percent or less","(4) Completely adequate"
"866","(2) 26 to 50 percent","(3) Moderately adequate"
"867","(1) 25 percent or less","(4) Completely adequate"
"868","(1) 25 percent or less","(4) Completely adequate"
"869","(1) 25 percent or less","(3) Moderately adequate"
"870","(1) 25 percent or less","(4) Completely adequate"
"871","(1) 25 percent or less","(4) Completely adequate"
"872","(2) 26 to 50 percent","(4) Completely adequate"
"873","(2) 26 to 50 percent","(4) Completely adequate"
"874","(3) 51 to 75 percent","(3) Moderately adequate"
"875","(3) 51 to 75 percent","(3) Moderately adequate"
"876","(2) 26 to 50 percent","(2) Minimally adequate"
"877","(2) 26 to 50 percent","(4) Completely adequate"
"878","(2) 26 to 50 percent","(3) Moderately adequate"
"879","(2) 26 to 50 percent","(3) Moderately adequate"
"880","(3) 51 to 75 percent","(3) Moderately adequate"
"881","(2) 26 to 50 percent","(4) Completely adequate"
"882","(3) 51 to 75 percent","(4) Completely adequate"
"883","(1) 25 percent or less","(4) Completely adequate"
"884","(3) 51 to 75 percent","(3) Moderately adequate"
"885","(3) 51 to 75 percent","(3) Moderately adequate"
"886","(3) 51 to 75 percent","(2) Minimally adequate"
"887",NA,"(3) Moderately adequate"
"888","(4) 76 percent or more","(1) Not at all adequate"
"889","(3) 51 to 75 percent","(3) Moderately adequate"
"890","(1) 25 percent or less","(3) Moderately adequate"
"891","(4) 76 percent or more","(3) Moderately adequate"
"892","(4) 76 percent or more","(3) Moderately adequate"
"893","(3) 51 to 75 percent","(4) Completely adequate"
"894","(4) 76 percent or more","(2) Minimally adequate"
"895","(4) 76 percent or more","(3) Moderately adequate"
"896","(4) 76 percent or more","(4) Completely adequate"
"897","(2) 26 to 50 percent","(4) Completely adequate"
"898","(4) 76 percent or more","(3) Moderately adequate"
"899","(3) 51 to 75 percent","(4) Completely adequate"
"900","(4) 76 percent or more","(3) Moderately adequate"
"901","(3) 51 to 75 percent","(1) Not at all adequate"
"902","(4) 76 percent or more","(3) Moderately adequate"
"903","(3) 51 to 75 percent","(3) Moderately adequate"
"904","(2) 26 to 50 percent","(2) Minimally adequate"
"905","(3) 51 to 75 percent","(3) Moderately adequate"
"906","(4) 76 percent or more","(2) Minimally adequate"
"907","(2) 26 to 50 percent","(3) Moderately adequate"
"908","(3) 51 to 75 percent","(4) Completely adequate"
"909","(2) 26 to 50 percent","(1) Not at all adequate"
"910","(3) 51 to 75 percent","(3) Moderately adequate"
"911","(2) 26 to 50 percent","(3) Moderately adequate"
"912","(1) 25 percent or less","(3) Moderately adequate"
"913","(3) 51 to 75 percent","(4) Completely adequate"
"914","(4) 76 percent or more","(3) Moderately adequate"
"915","(2) 26 to 50 percent","(4) Completely adequate"
"916","(3) 51 to 75 percent","(3) Moderately adequate"
"917","(2) 26 to 50 percent","(3) Moderately adequate"
"918","(1) 25 percent or less","(3) Moderately adequate"
